City_ID,City,Country,Date,Lat,Lng,Max Temp,Humidity,Cloudiness,Wind Speed
0,Ugoofaaru,MV,2021-11-17 22:06:07,5.6667,73.0,81.21,79,91,14.47
1,Nizwa,OM,2021-11-17 22:06:07,22.9333,57.5333,68.16,55,0,1.97
2,Punta Arenas,CL,2021-11-17 22:02:31,-53.15,-70.9167,50.11,43,16,24.29
3,Tiksi,RU,2021-11-17 22:06:07,71.6872,128.8694,-6.66,96,100,3.0
4,Jamestown,US,2021-11-17 22:06:08,42.097,-79.2353,63.72,77,20,11.5
5,Bethel,US,2021-11-17 22:06:08,41.3712,-73.414,53.69,64,90,1.99
6,Hithadhoo,MV,2021-11-17 22:06:08,-0.6,73.0833,82.04,78,98,17.65
7,Ushuaia,AR,2021-11-17 22:06:09,-54.8,-68.3,38.86,75,90,32.21
8,Mataura,NZ,2021-11-17 22:06:09,-46.1927,168.8643,57.58,50,61,5.66
9,Nampula,MZ,2021-11-17 22:06:09,-15.1165,39.2666,73.04,80,71,8.05
10,Avarua,CK,2021-11-17 22:06:10,-21.2078,-159.775,82.45,78,90,14.97
11,Agua Branca,BR,2021-11-17 22:06:10,-5.8922,-42.6361,79.48,53,63,3.87
12,Albany,US,2021-11-17 22:05:38,42.6001,-73.9662,48.78,63,100,8.25
13,Haines Junction,CA,2021-11-17 22:06:10,60.7522,-137.5108,13.08,88,100,3.83
14,Cape Town,ZA,2021-11-17 22:05:24,-33.9258,18.4232,62.11,61,37,19.8
15,Thompson,CA,2021-11-17 22:04:22,55.7435,-97.8558,23.16,86,90,14.97
16,Filadelfia,US,2021-11-17 22:02:05,39.9523,-75.1638,61.61,71,47,1.01
17,Kapaa,US,2021-11-17 22:04:40,22.0752,-159.319,84.18,75,1,1.99
18,Tasiilaq,GL,2021-11-17 22:06:11,65.6145,-37.6368,30.36,69,100,6.73
19,Castlegar,CA,2021-11-17 22:01:27,49.2998,-117.6689,37.98,41,100,2.82
20,Saint-Philippe,RE,2021-11-17 22:06:12,-21.3585,55.7679,74.75,77,50,12.93
21,Fairbanks,US,2021-11-17 22:06:12,64.8378,-147.7164,6.76,73,90,1.01
22,Mocuba,MZ,2021-11-17 22:06:12,-16.8392,36.9856,80.87,60,9,6.02
23,Ilulissat,GL,2021-11-17 22:06:12,69.2167,-51.1,-15.18,80,1,6.22
24,La Paz,BO,2021-11-17 22:03:20,-16.5,-68.15,55.38,50,75,9.22
25,East London,ZA,2021-11-17 22:02:26,-33.0153,27.9116,64.8,80,86,18.23
26,Adre,TD,2021-11-17 22:06:13,13.4667,22.2,74.71,24,2,11.43
27,Upernavik,GL,2021-11-17 22:06:13,72.7868,-56.1549,-0.35,71,32,3.98
28,Hilo,US,2021-11-17 22:06:14,19.7297,-155.09,83.93,85,75,16.11
29,Kupang,ID,2021-11-17 22:06:14,-10.1667,123.5833,75.78,94,20,3.44
30,Atuona,PF,2021-11-17 22:06:14,-9.8,-139.0333,77.67,78,30,13.4
31,Hualmay,PE,2021-11-17 22:06:14,-11.0964,-77.6139,66.94,76,93,10.83
32,Mount Isa,AU,2021-11-17 22:06:15,-20.7333,139.5,80.37,14,79,6.91
33,Sorland,NO,2021-11-17 22:06:15,67.667,12.6934,41.07,62,78,36.1
34,Raton,US,2021-11-17 22:06:15,36.9034,-104.4391,48.06,35,1,12.66
35,Samarai,PG,2021-11-17 22:06:16,-10.6167,150.6667,83.14,77,96,10.56
36,Qaanaaq,GL,2021-11-17 22:06:16,77.484,-69.3632,-3.19,73,0,7.43
37,Kaitangata,NZ,2021-11-17 22:06:16,-46.2817,169.8464,58.93,59,25,6.33
38,Boralday,KZ,2021-11-17 22:06:17,43.3578,76.8594,24.66,86,90,4.47
39,Saint George,US,2021-11-17 22:06:17,37.1041,-113.5841,70.27,24,1,3.0
40,Ascension,US,2021-11-17 22:06:17,30.2169,-90.9001,75.97,94,90,5.75
41,Bukachacha,RU,2021-11-17 22:06:18,52.9833,116.9167,18.86,90,100,4.29
42,Cabo San Lucas,MX,2021-11-17 22:06:18,22.8909,-109.9124,88.52,54,1,1.01
43,Tura,IN,2021-11-17 22:06:18,25.5198,90.2201,60.93,79,63,4.23
44,Turbat,PK,2021-11-17 22:06:18,26.0023,63.044,66.36,27,0,11.81
45,Naryan-Mar,RU,2021-11-17 22:07:19,67.6713,53.087,3.94,100,89,1.79
46,Broken Hill,AU,2021-11-17 22:07:19,-31.95,141.4333,75.11,19,95,16.35
47,Saint-Paul,RE,2021-11-17 22:07:19,-21.0096,55.2707,75.29,92,80,1.01
48,Acajutla,SV,2021-11-17 22:07:20,13.5928,-89.8275,91.74,67,34,4.45
49,Guerrero Negro,MX,2021-11-17 22:07:20,27.9769,-114.0611,69.26,60,1,14.43
50,Hofn,IS,2021-11-17 22:07:20,64.2539,-15.2082,34.09,54,50,9.01
51,Saldanha,ZA,2021-11-17 22:07:20,-33.0117,17.9442,60.67,72,0,26.28
52,Cidreira,BR,2021-11-17 22:07:21,-30.1811,-50.2056,62.44,86,100,10.8
53,Ahipara,NZ,2021-11-17 22:07:21,-35.1667,173.1667,63.99,55,0,7.67
54,Hasaki,JP,2021-11-17 22:07:21,35.7333,140.8333,46.8,56,100,9.1
55,Georgetown,MY,2021-11-17 22:07:22,5.4112,100.3354,76.95,94,40,2.3
56,Tuktoyaktuk,CA,2021-11-17 22:07:22,69.4541,-133.0374,5.27,88,100,14.9
57,Hobart,AU,2021-11-17 22:04:47,-42.8794,147.3294,55.02,83,75,1.01
58,Jiuquan,CN,2021-11-17 22:07:22,39.7432,98.5174,34.47,19,63,3.85
59,Byron Bay,AU,2021-11-17 22:07:23,-28.65,153.6167,73.06,60,49,5.59
60,Yerofey Pavlovich,RU,2021-11-17 22:07:23,53.9667,121.9667,20.21,93,100,9.66
61,Souillac,MU,2021-11-17 22:07:23,-20.5167,57.5167,76.35,71,36,14.58
62,Yulara,AU,2021-11-17 22:07:23,-25.2406,130.9889,77.68,19,0,9.35
63,Touros,BR,2021-11-17 22:07:24,-5.1989,-35.4608,77.9,75,56,16.8
64,Hermanus,ZA,2021-11-17 22:07:24,-34.4187,19.2345,57.9,71,71,12.33
65,Alibag,IN,2021-11-17 22:07:24,18.6411,72.8792,80.67,85,87,1.39
66,Beloha,MG,2021-11-17 22:07:25,-25.1667,45.05,71.55,83,5,2.53
67,Bengkulu,ID,2021-11-17 22:07:25,-3.8004,102.2655,74.8,91,74,4.52
68,Sao Jose Da Coroa Grande,BR,2021-11-17 22:07:25,-8.8978,-35.1478,78.35,74,30,10.85
69,Lavrentiya,RU,2021-11-17 22:07:25,65.5833,-171.0,4.84,93,52,9.75
70,Yellowknife,CA,2021-11-17 22:07:26,62.456,-114.3525,16.41,100,100,16.69
71,Kodiak,US,2021-11-17 22:07:26,57.79,-152.4072,18.91,45,40,13.8
72,Busselton,AU,2021-11-17 22:07:26,-33.65,115.3333,57.09,84,100,14.52
73,Bubaque,GW,2021-11-17 22:07:26,11.2833,-15.8333,82.6,70,23,11.45
74,Aswan,EG,2021-11-17 22:07:27,24.0934,32.907,75.96,38,6,9.46
75,Port Alfred,ZA,2021-11-17 22:07:27,-33.5906,26.891,62.85,79,37,28.39
76,Port Elizabeth,ZA,2021-11-17 22:07:27,-33.918,25.5701,60.1,82,63,9.1
77,Vaini,TO,2021-11-17 22:07:28,-21.2,-175.2,82.56,78,20,8.05
78,Damghan,IR,2021-11-17 22:07:28,36.1683,54.348,32.59,53,0,2.57
79,Antsohihy,MG,2021-11-17 22:07:28,-14.8796,47.9875,78.06,83,5,2.39
80,Pevek,RU,2021-11-17 22:07:28,69.7008,170.3133,13.59,72,55,15.41
81,Katsuura,JP,2021-11-17 22:07:29,35.1333,140.3,51.91,66,100,7.83
82,Chara,RU,2021-11-17 22:07:29,56.9064,118.2631,13.19,85,100,5.14
83,Ambon,ID,2021-11-17 22:05:05,-3.6954,128.1814,75.34,94,40,8.05
84,Olinda,BR,2021-11-17 22:07:29,-8.0089,-34.8553,80.33,74,75,10.36
85,Pascagoula,US,2021-11-17 22:02:31,30.3658,-88.5561,76.05,79,1,5.41
86,Port Macquarie,AU,2021-11-17 22:07:30,-31.4333,152.9167,71.89,65,80,9.62
87,Sao Filipe,CV,2021-11-17 22:07:30,14.8961,-24.4956,76.82,79,100,6.06
88,Goderich,CA,2021-11-17 22:07:30,43.7501,-81.7165,59.92,96,100,23.29
89,Puerto Ayora,EC,2021-11-17 22:07:31,-0.7393,-90.3518,73.36,76,70,11.9
90,Rikitea,PF,2021-11-17 22:07:31,-23.1203,-134.9692,73.18,65,0,15.17
91,Sao Paulo De Olivenca,BR,2021-11-17 22:07:31,-3.3783,-68.8725,79.29,85,98,2.08
92,Manama,BH,2021-11-17 22:06:14,26.2154,50.5832,75.18,77,0,11.5
93,Baie-Comeau,CA,2021-11-17 22:07:31,49.2168,-68.1489,32.18,65,99,4.38
94,Quatre Cocos,MU,2021-11-17 22:08:32,-20.2078,57.7625,76.08,70,33,12.93
95,Butaritari,KI,2021-11-17 22:08:32,3.0707,172.7902,81.84,78,83,13.76
96,Saskylakh,RU,2021-11-17 22:08:33,71.9167,114.0833,-14.98,96,100,4.5
97,Lagoa,PT,2021-11-17 22:08:33,39.05,-27.9833,65.73,77,85,11.95
98,Longyearbyen,SJ,2021-11-17 22:08:33,78.2186,15.6401,26.44,63,75,32.21
99,Bluff,NZ,2021-11-17 22:08:33,-46.6,168.3333,54.46,65,37,18.03
100,Bredasdorp,ZA,2021-11-17 22:08:34,-34.5322,20.0403,50.29,73,63,6.11
101,Bhadrachalam,IN,2021-11-17 22:08:35,17.6667,80.8833,74.28,95,100,1.72
102,Carnarvon,AU,2021-11-17 22:08:35,-24.8667,113.6333,67.19,69,10,12.46
103,Aksarka,RU,2021-11-17 22:08:36,66.5606,67.7975,-3.68,93,90,15.05
104,La Sarre,CA,2021-11-17 22:08:36,48.8002,-79.1996,28.38,92,100,12.06
105,Geraldton,AU,2021-11-17 22:08:36,-28.7667,114.6,61.21,82,75,6.91
106,New Norfolk,AU,2021-11-17 22:08:37,-42.7826,147.0587,54.66,73,100,3.11
107,Lompoc,US,2021-11-17 22:08:37,34.6391,-120.4579,71.56,68,1,11.5
108,Zverinogolovskoye,RU,2021-11-17 22:08:38,54.4586,64.8542,4.95,92,7,5.03
109,Baruun-Urt,MN,2021-11-17 22:08:38,46.6806,113.2792,21.16,50,64,8.97
110,Faanui,PF,2021-11-17 22:08:38,-16.4833,-151.75,80.82,79,100,19.93
111,Norman Wells,CA,2021-11-17 22:08:38,65.282,-126.8329,3.0,93,100,5.55
112,Castro,BR,2021-11-17 22:08:39,-24.7911,-50.0119,67.19,83,100,3.11
113,Yeppoon,AU,2021-11-17 22:08:39,-23.1333,150.7333,74.98,66,95,14.72
114,Beni,CD,2021-11-17 22:08:39,0.5,29.4667,60.55,99,100,1.59
115,El Dorado,US,2021-11-17 22:08:40,38.7666,-120.5177,66.87,55,100,1.01
116,Katherine,AU,2021-11-17 22:05:26,-14.4667,132.2667,71.92,53,100,4.61
117,Los Llanos De Aridane,ES,2021-11-17 22:08:40,28.6585,-17.9182,65.95,74,75,3.0
118,Taltal,CL,2021-11-17 22:08:40,-25.4,-70.4833,63.37,71,22,7.45
119,Mahebourg,MU,2021-11-17 22:08:41,-20.4081,57.7,76.24,70,30,14.2
120,Stepnyak,KZ,2021-11-17 22:08:41,52.8339,70.7803,14.85,91,94,13.71
121,Saint-Augustin,CA,2021-11-17 22:08:41,51.226,-58.6502,28.35,68,39,12.75
122,Viedma,AR,2021-11-17 22:08:42,-40.8135,-62.9967,73.63,20,94,16.44
123,Shimoda,JP,2021-11-17 22:08:42,34.6667,138.95,51.91,70,100,4.9
124,Ilebo,CD,2021-11-17 22:08:42,-4.3167,20.5833,67.68,97,59,1.3
125,Tefe,BR,2021-11-17 22:08:43,-3.3542,-64.7114,84.31,84,40,8.05
126,Clyde River,CA,2021-11-17 22:08:43,70.4692,-68.5914,6.42,81,94,4.34
127,Barrow,US,2021-11-17 22:08:43,71.2906,-156.7887,6.82,78,90,8.05
128,Dikson,RU,2021-11-17 22:08:43,73.5069,80.5464,-11.49,94,100,4.63
129,San Patricio,US,2021-11-17 22:08:44,28.017,-97.5169,86.41,52,0,15.99
130,Lebu,CL,2021-11-17 22:08:44,-37.6167,-73.65,56.59,86,10,17.92
131,Kavaratti,IN,2021-11-17 22:08:44,10.5669,72.642,80.67,81,73,12.86
132,Inuvik,CA,2021-11-17 22:08:45,68.3499,-133.7218,6.84,85,90,4.61
133,Turayf,SA,2021-11-17 22:08:45,31.6725,38.6637,58.48,39,14,8.16
134,Weinan,CN,2021-11-17 22:08:45,34.5036,109.5089,47.89,65,0,2.15
135,Provideniya,RU,2021-11-17 22:08:46,64.3833,-173.3,14.11,73,90,15.66
136,Osa,RU,2021-11-17 22:08:46,57.2829,55.4567,1.99,98,20,1.19
137,Ponta Do Sol,PT,2021-11-17 22:08:46,32.6667,-17.1,67.71,64,22,8.23
138,Miranda,CO,2021-11-17 22:08:46,3.2499,-76.2281,80.73,92,88,2.71
139,Lorengau,PG,2021-11-17 22:09:47,-2.0226,147.2712,82.74,75,61,3.78
140,Elizabeth City,US,2021-11-17 22:09:47,36.2946,-76.2511,69.03,63,1,8.05
141,Poum,NC,2021-11-17 22:09:47,-20.2333,164.0167,78.39,74,21,5.84
142,Barrhead,GB,2021-11-17 22:09:48,55.7992,-4.3929,51.06,93,90,5.01
143,Mantena,BR,2021-11-17 22:09:48,-18.7817,-40.9803,70.48,96,62,4.74
144,Chhabra,IN,2021-11-17 22:09:48,24.6667,76.8333,64.29,42,91,5.57
145,Massaguet,TD,2021-11-17 22:09:49,12.4755,15.4365,84.27,20,2,8.81
146,Arraial Do Cabo,BR,2021-11-17 22:09:49,-22.9661,-42.0278,73.47,87,100,29.53
147,The Pas,CA,2021-11-17 22:09:49,53.8251,-101.2541,26.62,80,90,21.85
148,Khatanga,RU,2021-11-17 22:09:50,71.9667,102.5,-21.51,98,48,3.49
149,Oktyabrskiy,RU,2021-11-17 22:09:50,54.4815,53.471,20.77,98,97,1.43
150,Banting,MY,2021-11-17 22:09:50,2.8167,101.5,77.13,96,98,3.36
151,Vestmannaeyjar,IS,2021-11-17 22:09:50,63.4427,-20.2734,35.26,97,100,19.6
152,Broome,US,2021-11-17 22:09:51,42.2506,-75.833,49.86,71,90,5.01
153,Chicama,PE,2021-11-17 22:09:51,-7.8447,-79.1469,63.14,74,100,8.21
154,Masalli,KR,2021-11-17 22:09:51,34.7959,126.6553,46.09,71,77,2.39
155,Deputatskiy,RU,2021-11-17 22:09:52,69.3,139.9,-8.41,100,100,0.36
156,Cukai,MY,2021-11-17 22:09:52,4.25,103.4167,76.41,91,100,5.7
157,Oranjemund,NA,2021-11-17 22:09:52,-28.55,16.4333,60.42,84,0,7.78
158,Hirara,JP,2021-11-17 22:09:52,24.8,125.2833,70.07,88,20,4.61
159,Airai,TL,2021-11-17 22:09:53,-8.9266,125.4092,62.1,75,73,2.73
160,Zharkent,KZ,2021-11-17 22:09:53,44.1628,80.0,30.06,54,90,14.67
161,Avera,US,2021-11-17 22:09:53,33.194,-82.5271,75.07,50,0,6.13
162,Santa Maria,BR,2021-11-17 22:05:20,-29.6842,-53.8069,57.36,94,99,7.23
163,Saskatoon,CA,2021-11-17 22:06:04,52.1168,-106.6345,13.46,90,61,14.03
164,Rio Gallegos,AR,2021-11-17 22:09:54,-51.6226,-69.2181,53.65,22,40,32.21
165,Karratha,AU,2021-11-17 22:09:54,-20.7377,116.8463,76.3,67,66,13.09
166,Kalmunai,LK,2021-11-17 22:09:17,7.4167,81.8167,76.17,91,99,8.34
167,Bakel,SN,2021-11-17 22:09:55,14.905,-12.4568,88.16,24,79,1.99
168,Narsaq,GL,2021-11-17 22:09:55,60.9167,-46.05,30.42,75,100,6.38
169,Kahului,US,2021-11-17 22:09:55,20.8947,-156.47,88.86,79,20,11.5
170,Ewa Beach,US,2021-11-17 22:09:56,21.3156,-158.0072,87.01,63,1,9.22
171,Luanshya,ZM,2021-11-17 22:09:56,-13.1367,28.4166,67.1,75,87,7.92
172,Antofagasta,CL,2021-11-17 22:09:56,-23.65,-70.4,61.88,75,9,7.47
173,Tambilil,PH,2021-11-17 22:09:57,5.9622,124.6697,77.81,82,76,3.04
174,Kupino,RU,2021-11-17 22:09:57,54.3663,77.2981,14.72,94,100,13.51
175,Namibe,AO,2021-11-17 22:09:57,-15.1961,12.1522,69.28,83,99,5.12
176,Ca Mau,VN,2021-11-17 22:09:57,9.1769,105.15,74.79,96,100,4.07
177,Kushima,JP,2021-11-17 22:09:58,31.4583,131.2333,55.44,79,100,3.49
178,Chokurdakh,RU,2021-11-17 22:09:58,70.6333,147.9167,-4.72,98,100,7.49
179,Itaituba,BR,2021-11-17 22:09:58,-4.2761,-55.9836,76.48,94,100,0.85
180,Farim,GW,2021-11-17 22:09:59,12.4839,-15.2217,77.41,70,84,4.88
181,Naze,JP,2021-11-17 22:09:59,28.3667,129.4833,63.52,64,100,12.57
182,Sitka,US,2021-11-17 22:09:29,57.0531,-135.33,42.69,75,90,5.75
183,Svetlogorsk,BY,2021-11-17 22:10:00,52.6333,29.7333,27.07,56,100,7.81
184,Domoni,KM,2021-11-17 22:10:00,-12.2569,44.5319,77.49,81,4,8.7
185,Farafangana,MG,2021-11-17 22:11:00,-22.8167,47.8333,75.51,85,85,10.4
186,Umm Kaddadah,SD,2021-11-17 22:11:01,13.6017,26.6876,75.92,29,82,13.65
187,Severo-Kurilsk,RU,2021-11-17 22:11:01,50.6789,156.125,32.18,75,94,8.95
188,Salamiyah,SY,2021-11-17 22:11:01,35.0113,37.0532,59.86,49,78,3.44
189,Talcahuano,CL,2021-11-17 22:11:01,-36.7167,-73.1167,67.68,56,0,21.85
190,Salalah,OM,2021-11-17 22:11:02,17.0151,54.0924,73.49,43,0,4.61
191,Nelson Bay,AU,2021-11-17 22:11:02,-32.7167,152.15,72.09,65,20,1.99
192,Bonavista,CA,2021-11-17 22:11:02,48.6499,-53.1147,38.12,76,100,31.63
193,Lorca,ES,2021-11-17 22:10:19,37.6712,-1.7017,56.62,85,96,5.19
194,La Solana,ES,2021-11-17 22:11:03,38.9442,-3.2381,48.42,71,0,8.43
195,Oistins,BB,2021-11-17 22:11:03,13.0667,-59.5333,79.74,74,69,16.22
196,Dharmadam,IN,2021-11-17 22:11:03,11.7833,75.4333,76.71,88,94,4.07
197,Sept-Iles,CA,2021-11-17 22:11:04,50.2001,-66.3821,32.83,61,5,4.74
198,Vardo,NO,2021-11-17 22:11:04,70.3705,31.1107,35.8,93,90,19.57
199,Sao Felix Do Xingu,BR,2021-11-17 22:11:04,-6.6447,-51.995,74.1,94,100,1.03
200,Dangriga,BZ,2021-11-17 22:11:05,16.9692,-88.2321,78.76,86,58,6.35
201,Sao Miguel Do Araguaia,BR,2021-11-17 22:11:05,-13.275,-50.1628,75.9,84,99,1.39
202,Maltahohe,NA,2021-11-17 22:11:05,-24.8333,16.9833,66.78,26,0,6.26
203,Fonte Boa,BR,2021-11-17 22:11:06,-2.4959,-66.2662,76.46,97,100,3.18
204,Achutupo,PA,2021-11-17 22:11:06,9.2,-77.9833,81.64,82,68,4.88
205,Esmeraldas,BR,2021-11-17 22:10:14,-19.7625,-44.3139,77.86,67,98,3.96
206,Plettenberg Bay,ZA,2021-11-17 22:11:06,-34.0527,23.3716,58.17,85,100,17.0
207,Walvis Bay,NA,2021-11-17 22:11:07,-22.9575,14.5053,61.09,85,0,11.16
208,Muisne,EC,2021-11-17 22:11:07,0.6,-80.0333,77.11,80,96,10.96
209,Hamilton,US,2021-11-17 22:11:07,39.1834,-84.5333,68.76,66,75,5.01
210,The Valley,AI,2021-11-17 22:11:08,18.217,-63.0578,81.1,83,75,10.36
211,Nokaneng,BW,2021-11-17 22:11:08,-19.6667,22.2667,77.72,48,93,1.25
212,Tessalit,ML,2021-11-17 22:11:08,20.1986,1.0114,71.02,12,87,6.31
213,Odweyne,SO,2021-11-17 22:11:09,9.4092,45.064,68.49,30,75,9.69
214,Kimberley,ZA,2021-11-17 22:11:09,-28.7323,24.7623,63.66,36,49,20.15
215,Samoded,RU,2021-11-17 22:11:09,63.6083,40.5111,32.65,95,100,6.8
216,Svirstroy,RU,2021-11-17 22:11:09,60.7999,33.7248,35.53,95,100,7.92
217,Altay,CN,2021-11-17 22:11:10,47.8667,88.1167,27.52,92,100,5.35
218,Oum Hadjer,TD,2021-11-17 22:11:10,13.2954,19.6966,83.21,21,18,9.17
219,Sosva,RU,2021-11-17 22:11:10,59.1766,61.8558,8.24,82,26,7.2
220,Verkhnyaya Inta,RU,2021-11-17 22:11:11,65.9811,60.3094,3.04,98,99,6.4
221,Sawakin,SD,2021-11-17 22:11:11,19.1059,37.3321,80.42,71,4,6.64
222,Kyren,RU,2021-11-17 22:11:11,51.6828,102.1408,7.84,79,5,1.68
223,Ust-Tsilma,RU,2021-11-17 22:11:11,65.441,52.1498,11.59,82,100,4.59
224,Balakhta,RU,2021-11-17 22:11:12,55.38,91.6,9.75,97,98,5.14
225,Manglaur,IN,2021-11-17 22:11:12,29.8,77.8667,57.76,71,4,3.04
226,Nicoya,CR,2021-11-17 22:11:12,10.1483,-85.452,83.75,84,91,1.79
227,Yangliuqing,CN,2021-11-17 22:11:13,39.1375,116.9997,33.75,69,0,2.89
228,Aklavik,CA,2021-11-17 22:11:13,68.2191,-135.0107,6.8,78,90,16.11
229,Chabahar,IR,2021-11-17 22:11:13,25.2919,60.643,74.35,53,0,5.86
230,Severo-Yeniseyskiy,RU,2021-11-17 22:11:14,60.3725,93.0408,-0.56,98,100,3.53
231,Ribeira Grande,PT,2021-11-17 22:12:14,38.5167,-28.7,67.15,73,64,14.83
232,Pisco,PE,2021-11-17 22:12:14,-13.7,-76.2167,69.85,68,0,18.41
233,Itoman,JP,2021-11-17 22:12:15,26.1247,127.6694,73.42,68,75,8.05
234,Aykhal,RU,2021-11-17 22:12:15,66.0,111.5,-17.66,100,91,4.72
235,Tarn Taran,IN,2021-11-17 22:10:44,31.45,74.9253,58.89,31,12,2.68
236,Palmer,US,2021-11-17 22:12:15,42.1584,-72.3287,49.3,60,75,6.91
237,Vikhorevka,RU,2021-11-17 22:12:16,56.1201,101.1636,8.19,100,85,1.41
238,Vila Franca Do Campo,PT,2021-11-17 22:12:16,37.7167,-25.4333,66.2,75,59,9.1
239,Abu Zabad,SD,2021-11-17 22:12:16,12.35,29.25,78.67,26,1,13.65
240,Waingapu,ID,2021-11-17 22:12:16,-9.6567,120.2641,79.9,81,99,4.43
241,Ketchikan,US,2021-11-17 22:12:17,55.3422,-131.6461,43.27,93,90,3.44
242,Zhigansk,RU,2021-11-17 22:12:17,66.7697,123.3711,-23.58,98,96,6.24
243,Mehamn,NO,2021-11-17 22:12:17,71.0357,27.8492,35.55,87,40,12.66
244,Tuatapere,NZ,2021-11-17 22:12:18,-46.1333,167.6833,57.43,54,50,3.8
245,Dunmore East,IE,2021-11-17 22:12:18,52.1514,-6.9861,50.68,75,100,11.81
246,Ancud,CL,2021-11-17 22:12:18,-41.8697,-73.8203,60.42,76,35,10.74
247,Anadyr,RU,2021-11-17 22:07:22,64.75,177.4833,21.7,79,40,20.13
248,Ambulu,ID,2021-11-17 22:12:19,-8.345,113.6058,75.02,89,86,2.95
249,Porto Novo,BJ,2021-11-17 22:12:19,6.4965,2.6036,80.69,83,61,7.23
250,Mar Del Plata,AR,2021-11-17 22:09:47,-38.0023,-57.5575,59.88,72,1,15.01
251,Gravdal,NO,2021-11-17 22:12:19,68.1214,13.5031,44.28,93,75,13.8
252,Japura,ID,2021-11-17 22:12:20,-0.3167,102.35,74.5,98,88,1.88
253,Sterling,US,2021-11-17 22:12:20,39.0062,-77.4286,61.34,66,20,5.75
254,Cabedelo,BR,2021-11-17 22:12:20,-6.9811,-34.8339,77.67,71,83,15.95
255,Grindavik,IS,2021-11-17 22:12:20,63.8424,-22.4338,32.47,100,90,18.41
256,Juneau,US,2021-11-17 22:08:27,58.3019,-134.4197,41.22,96,90,19.57
257,Bambous Virieux,MU,2021-11-17 22:12:21,-20.3428,57.7575,76.21,70,31,13.47
258,Laguna,US,2021-11-17 22:12:21,38.421,-121.4238,66.22,80,90,5.75
259,Coihaique,CL,2021-11-17 22:12:21,-45.5752,-72.0662,57.15,54,75,6.91
260,Itarema,BR,2021-11-17 22:12:22,-2.9248,-39.9167,80.76,74,43,15.48
261,Waipawa,NZ,2021-11-17 22:12:22,-41.4122,175.5153,59.63,64,16,3.65
262,Acapulco,MX,2021-11-17 22:08:19,16.8634,-99.8901,85.82,70,40,10.36
263,Paraiso,CR,2021-11-17 22:12:22,9.8383,-83.8656,70.66,96,99,3.62
264,Ust-Maya,RU,2021-11-17 22:12:23,60.4167,134.5333,-22.23,100,52,1.68
265,Jimeta,NG,2021-11-17 22:12:23,9.2833,12.4667,82.69,33,34,3.18
266,Asau,RO,2021-11-17 22:12:23,46.4333,26.4,37.4,81,92,3.4
267,Beyneu,KZ,2021-11-17 22:12:24,45.3167,55.2,26.67,62,2,7.74
268,Rajapur,IN,2021-11-17 22:12:24,25.3833,81.15,62.24,53,13,2.86
269,Tsabong,BW,2021-11-17 22:12:24,-26.0217,22.401,71.91,26,33,11.95
270,Saint-Francois,FR,2021-11-17 22:12:24,46.4154,3.9054,45.68,96,90,1.14
271,Sedalia,US,2021-11-17 22:12:25,38.7045,-93.2283,50.86,46,90,5.75
272,Zhangye,CN,2021-11-17 22:12:25,38.9342,100.4517,35.37,19,85,3.15
273,Dingle,PH,2021-11-17 22:12:25,10.9995,122.6711,75.04,93,100,6.38
274,Atambua,ID,2021-11-17 22:12:25,-9.1061,124.8925,75.22,77,100,3.22
275,Sioux Lookout,CA,2021-11-17 22:12:26,50.1001,-91.917,28.78,91,100,13.02
276,Stende,LV,2021-11-17 22:12:26,57.15,22.5333,43.54,90,100,9.84
277,Padang,ID,2021-11-17 22:12:26,-0.9492,100.3543,77.65,83,98,2.62
278,Letlhakane,BW,2021-11-17 22:13:27,-21.4167,25.5833,79.54,37,77,3.02
279,Manggar,ID,2021-11-17 22:13:27,-2.8833,108.2667,79.2,83,81,4.74
280,Portland,US,2021-11-17 22:13:27,45.5234,-122.6762,55.98,50,75,4.0
281,Constitucion,CL,2021-11-17 22:13:27,-35.3333,-72.4167,64.15,60,3,15.19
282,Ambunti,PG,2021-11-17 22:13:28,-4.2365,142.8448,77.45,93,76,0.45
283,Hun,LY,2021-11-17 22:13:28,29.1268,15.9477,68.65,34,86,9.15
284,Pacifica,US,2021-11-17 22:13:28,37.6138,-122.4869,69.04,44,75,5.99
285,Russell,US,2021-11-17 22:13:28,32.3502,-85.1999,74.48,67,1,0.0
286,Dashitou,CN,2021-11-17 22:13:29,43.3067,128.5114,36.52,94,100,8.81
287,Usakos,NA,2021-11-17 22:13:29,-22.0,15.6,70.12,34,1,3.78
288,Vao,NC,2021-11-17 22:13:29,-22.6667,167.4833,75.18,82,13,15.61
289,Qasigiannguit,GL,2021-11-17 22:13:30,68.8193,-51.1922,-13.56,78,0,6.35
290,Tautira,PF,2021-11-17 22:13:30,-17.7333,-149.15,84.22,71,96,17.56
291,Estepona,ES,2021-11-17 22:13:30,36.4276,-5.1459,58.91,76,29,10.85
292,Gaoua,BF,2021-11-17 22:13:31,10.2992,-3.2508,82.92,32,52,2.55
293,Alofi,NU,2021-11-17 22:13:31,-19.0595,-169.9187,84.09,70,75,11.5
294,Maxixe,MZ,2021-11-17 22:13:31,-23.8597,35.3472,76.1,87,2,13.18
295,Cherskiy,RU,2021-11-17 22:13:31,68.75,161.3,5.67,84,28,6.91
296,Borba,BR,2021-11-17 22:13:32,-4.3878,-59.5939,75.11,94,100,0.69
297,Paamiut,GL,2021-11-17 22:13:32,61.994,-49.6678,20.44,77,100,6.76
298,Vostok,RU,2021-11-17 22:13:32,46.4856,135.8833,25.2,86,100,4.68
299,Nikolskoye,RU,2021-11-17 22:13:33,59.7035,30.7861,37.87,93,100,8.37
300,Yermakovskoye,RU,2021-11-17 22:13:33,53.2831,92.4003,20.34,77,100,5.5
301,Batemans Bay,AU,2021-11-17 22:13:33,-35.7167,150.1833,70.2,56,8,5.19
302,Praya,CV,2021-11-17 22:13:33,14.9215,-23.5087,76.8,78,100,8.05
303,Puquio,PE,2021-11-17 22:13:34,-14.7,-74.1333,57.38,31,96,12.44
304,Tarko-Sale,RU,2021-11-17 22:13:34,64.9225,77.785,9.19,95,100,8.66
305,Coquimbo,CL,2021-11-17 22:13:17,-29.9533,-71.3436,58.73,72,40,13.8
306,Kaabong,UG,2021-11-17 22:13:34,3.4836,34.1492,67.75,67,15,16.46
307,Dromolaxia,CY,2021-11-17 22:13:35,34.8761,33.586,62.47,72,0,5.75
308,Guilin,CN,2021-11-17 22:13:35,25.2819,110.2864,53.28,93,14,2.91
309,Lorena,BR,2021-11-17 22:13:35,-22.7308,-45.1247,71.31,70,44,3.33
310,Richards Bay,ZA,2021-11-17 22:13:35,-28.783,32.0377,84.92,44,98,9.13
311,Rio Tercero,AR,2021-11-17 22:13:36,-32.173,-64.1141,72.81,34,0,8.46
312,Marawi,PH,2021-11-17 22:13:36,7.9986,124.2928,64.65,93,86,2.26
313,Shitanjing,CN,2021-11-17 22:13:36,39.2342,106.3439,38.98,23,32,4.72
314,Gamboula,CF,2021-11-17 22:13:37,4.1178,15.1393,69.01,94,62,0.29
315,Boshnyakovo,RU,2021-11-17 22:13:37,49.6333,142.1667,23.83,75,16,7.02
316,Esperance,AU,2021-11-17 22:13:37,-33.8667,121.9,57.04,82,96,16.96
317,Ormara,PK,2021-11-17 22:13:38,25.2088,64.6357,76.3,33,0,6.69
318,Bongaigaon,IN,2021-11-17 22:13:38,26.4782,90.5568,61.14,76,99,3.74
319,Lewiston,US,2021-11-17 22:13:38,44.1003,-70.2148,39.38,68,90,5.75
320,Iqaluit,CA,2021-11-17 22:13:39,63.7506,-68.5145,5.7,84,73,8.01
321,Victoria,HK,2021-11-17 22:09:56,22.2855,114.1577,69.33,76,2,1.99
322,Faya,SA,2021-11-17 22:13:39,18.3851,42.4509,59.52,50,0,0.85
323,Inhambane,MZ,2021-11-17 22:13:39,-23.865,35.3833,76.62,88,3,14.41
324,Baltasi,RU,2021-11-17 22:14:39,56.3462,50.2062,19.98,98,85,2.86
325,Gondar,ET,2021-11-17 22:14:40,12.6,37.4667,58.71,42,5,5.66
326,Weligama,LK,2021-11-17 22:14:40,5.9667,80.4167,76.95,90,98,10.02
327,Opuwo,NA,2021-11-17 22:14:40,-18.0607,13.84,74.25,53,100,2.48
328,Nieuw Amsterdam,SR,2021-11-17 22:14:41,5.8833,-55.0833,80.62,90,20,0.0
329,Jiayuguan,CN,2021-11-17 22:14:41,39.8167,98.3,36.18,16,71,5.91
330,Chibuto,MZ,2021-11-17 22:14:41,-24.6867,33.5306,82.26,48,39,13.2
331,Chumikan,RU,2021-11-17 22:14:41,54.7183,135.315,6.71,90,5,9.4
332,San Quintin,MX,2021-11-17 22:14:42,30.4833,-115.95,65.97,67,6,10.42
333,Arlit,NE,2021-11-17 22:14:42,18.7369,7.3853,77.34,18,2,0.96
334,Sivas,TR,2021-11-17 22:14:42,39.7916,37.0019,36.23,51,0,8.05
335,Griffith,US,2021-11-17 22:14:42,41.5284,-87.4237,50.02,89,90,1.01
336,Sinazongwe,ZM,2021-11-17 22:14:43,-17.2614,27.4618,80.37,39,0,4.38
337,Pindwara,IN,2021-11-17 22:14:43,24.8,73.0667,66.15,38,87,3.44
338,Kenai,US,2021-11-17 22:14:43,60.5544,-151.2583,13.14,55,75,16.11
339,Udachnyy,RU,2021-11-17 22:14:44,66.4167,112.4,-21.17,100,86,3.0
340,La Ronge,CA,2021-11-17 22:14:44,55.1001,-105.2842,22.53,84,100,12.77
341,Lokosovo,RU,2021-11-17 22:14:44,61.1333,74.8167,-7.91,99,50,8.16
342,Keti Bandar,PK,2021-11-17 22:14:44,24.1447,67.4497,72.54,24,0,11.23
343,Mercedes,AR,2021-11-17 22:14:46,-34.6515,-59.4307,71.19,31,0,3.53
344,Bermeo,ES,2021-11-17 22:14:46,43.4209,-2.7215,50.49,73,100,4.41
345,Opovo,RS,2021-11-17 22:14:47,45.0522,20.4303,45.32,100,76,4.61
346,Kincardine,GB,2021-11-17 22:14:47,56.0667,-3.7167,50.83,92,100,13.96
347,Chuy,UY,2021-11-17 22:14:47,-33.6971,-53.4616,57.09,64,0,9.78
348,Batagay-Alyta,RU,2021-11-17 22:14:48,67.8006,130.4114,-8.5,93,100,3.29
349,Orlik,RU,2021-11-17 22:14:48,52.5178,99.825,-6.65,95,26,2.68
350,Ust-Omchug,RU,2021-11-17 22:12:17,61.15,149.6333,1.54,97,100,6.89
351,Payakumbuh,ID,2021-11-17 22:14:48,-0.2202,100.6308,69.82,93,99,2.17
352,Bandarbeyla,SO,2021-11-17 22:14:49,9.4942,50.8122,76.3,68,77,9.4
353,Prince George,CA,2021-11-17 22:11:49,53.9166,-122.753,30.25,77,90,1.99
354,Alice Springs,AU,2021-11-17 22:14:49,-23.7,133.8833,65.75,42,1,0.0
355,Calabar,NG,2021-11-17 22:14:49,4.9517,8.322,76.51,93,84,3.56
356,Rawah,IQ,2021-11-17 22:14:49,34.4816,41.9093,62.42,47,100,2.64
357,Bedele,ET,2021-11-17 22:14:50,8.456,36.353,53.85,72,8,1.74
358,Anori,BR,2021-11-17 22:14:50,-3.7728,-61.6442,75.18,98,98,2.75
359,Flinders,AU,2021-11-17 22:14:50,-34.5833,150.8552,72.05,68,10,4.0
360,Atar,MR,2021-11-17 22:14:51,20.5169,-13.0499,83.25,25,100,1.95
361,Fort Nelson,CA,2021-11-17 22:14:51,58.8053,-122.7002,22.03,90,100,1.45
362,Eden,US,2021-11-17 22:14:51,36.4885,-79.7667,71.06,46,1,8.05
363,Kondopoga,RU,2021-11-17 22:14:51,62.2057,34.2614,37.08,97,100,7.76
364,Pangnirtung,CA,2021-11-17 22:14:52,66.1451,-65.7125,1.58,86,24,6.17
365,Voznesenye,RU,2021-11-17 22:14:52,61.0106,35.4781,36.43,90,100,10.13
366,Lazaro Cardenas,MX,2021-11-17 22:15:52,17.9583,-102.2,82.26,70,99,7.74
367,Dunedin,NZ,2021-11-17 22:15:53,-45.8742,170.5036,54.81,66,11,3.0
368,Labuhan,ID,2021-11-17 22:15:53,-6.8844,112.2051,77.0,89,100,4.56
369,Pacific Grove,US,2021-11-17 22:14:23,36.6177,-121.9166,72.61,72,1,5.01
370,Leningradskiy,RU,2021-11-17 22:15:53,69.3833,178.4167,-3.01,91,7,9.8
371,Saint Anthony,US,2021-11-17 22:15:54,45.0205,-93.218,37.54,63,90,5.99
372,Foam Lake,CA,2021-11-17 22:15:54,51.65,-103.5343,21.22,92,100,21.03
373,Kutum,SD,2021-11-17 22:15:54,14.2,24.6667,67.96,30,1,7.74
374,Safranbolu,TR,2021-11-17 22:15:54,41.2508,32.6942,41.86,82,82,0.78
375,Abu Kamal,SY,2021-11-17 22:15:55,34.4506,40.9171,63.97,48,100,4.94
376,Shieli,KZ,2021-11-17 22:15:55,44.1667,66.75,25.5,87,82,8.43
377,Luderitz,NA,2021-11-17 22:15:55,-26.6481,15.1594,60.04,72,0,17.98
378,Beringovskiy,RU,2021-11-17 22:15:55,63.05,179.3167,26.69,76,100,24.18
379,Kabansk,RU,2021-11-17 22:15:56,52.0486,106.6528,7.29,88,33,4.16
380,Mizur,RU,2021-11-17 22:15:56,42.8531,44.0531,13.8,50,20,5.59
381,Marovoay,MG,2021-11-17 22:15:56,-16.1,46.6333,80.74,80,10,1.81
382,Baykit,RU,2021-11-17 22:15:57,61.67,96.37,-1.7,100,100,2.37
383,Siderno,IT,2021-11-17 22:15:57,38.2779,16.302,61.77,85,58,4.03
384,Kamaishi,JP,2021-11-17 22:15:57,39.2667,141.8833,47.3,68,100,5.86
385,Lata,PT,2021-11-17 22:15:58,40.1629,-8.3327,56.05,68,2,4.54
386,Port Blair,IN,2021-11-17 22:15:58,11.6667,92.75,79.83,86,87,9.13
387,Trapani,IT,2021-11-17 22:15:58,37.8333,12.6667,59.72,88,40,3.44
388,Arica,CL,2021-11-17 22:14:59,-18.475,-70.3042,71.15,68,0,8.05
389,Havelock,US,2021-11-17 22:11:00,34.8791,-76.9013,66.43,73,0,1.01
390,Mangan,IN,2021-11-17 22:15:58,27.5167,88.5333,61.12,46,61,6.69
391,Yatou,CN,2021-11-17 22:15:59,37.15,122.3833,49.28,81,0,6.42
392,Kirakira,SB,2021-11-17 22:15:59,-10.4544,161.9205,84.92,71,11,2.93
393,Jibuti,DJ,2021-11-17 22:15:59,11.5,42.5,74.62,64,21,8.05
394,Kavieng,PG,2021-11-17 22:16:00,-2.5744,150.7967,83.26,70,94,5.84
395,Yuncheng,CN,2021-11-17 22:16:00,35.0231,110.9928,47.35,66,0,2.39
396,Oktyabrskoye,RU,2021-11-17 22:16:00,43.0645,44.7417,19.54,100,8,4.47
397,Bull Savanna,JM,2021-11-17 22:16:01,17.8868,-77.5902,79.59,74,60,10.49
398,North Bend,US,2021-11-17 22:16:01,43.4065,-124.2243,55.92,78,1,4.61
399,Ellwangen,DE,2021-11-17 22:16:01,48.9616,10.1317,40.87,93,100,5.84
400,Vredendal,ZA,2021-11-17 22:16:02,-31.6683,18.5012,57.83,74,0,8.05
401,Scarborough,GB,2021-11-17 22:11:02,54.2797,-0.4044,51.62,84,86,3.0
402,Mount Gambier,AU,2021-11-17 22:15:47,-37.8333,140.7667,69.71,32,40,21.85
403,Aracati,BR,2021-11-17 22:15:16,-4.5617,-37.7697,82.44,73,68,16.89
404,Makakilo City,US,2021-11-17 22:16:02,21.3469,-158.0858,84.61,63,1,9.22
405,Klichka,RU,2021-11-17 22:16:03,50.4457,117.996,20.25,72,100,13.67
406,Oksfjord,NO,2021-11-17 22:16:03,70.2396,22.3479,37.47,98,100,4.52
407,Sechura,PE,2021-11-17 22:16:04,-5.5569,-80.8222,73.63,61,82,17.34
408,Grand Gaube,MU,2021-11-17 22:16:04,-20.0064,57.6608,76.37,68,19,5.01
409,San Joaquin,US,2021-11-17 22:16:04,37.9333,-121.3011,67.28,74,90,5.75
410,Mentakab,MY,2021-11-17 22:16:05,3.4865,102.3516,72.86,97,95,0.94
411,Saint-Pierre,RE,2021-11-17 22:16:05,-21.3393,55.4781,73.08,75,0,6.91
412,Harper,LR,2021-11-17 22:16:05,4.375,-7.7169,79.07,83,7,7.85
413,Port Lincoln,AU,2021-11-17 22:16:27,-34.7333,135.8667,67.91,64,3,13.65
414,Yablochnyy,RU,2021-11-17 22:17:06,47.1661,142.0661,21.15,82,55,5.73
415,Berlevag,NO,2021-11-17 22:17:06,70.8578,29.0864,35.6,87,75,11.5
416,Crotone,IT,2021-11-17 22:17:06,39.0851,17.1178,51.93,78,100,2.28
417,Le Port,RE,2021-11-17 22:17:07,-20.9373,55.2919,73.4,90,62,5.26
418,Nouadhibou,MR,2021-11-17 22:17:07,20.931,-17.0347,67.98,88,100,11.5
419,Houma,US,2021-11-17 22:14:50,29.5958,-90.7195,77.0,77,75,11.5
420,Carleton Place,CA,2021-11-17 22:17:07,45.1334,-76.1494,36.99,90,100,5.01
421,Teya,RU,2021-11-17 22:17:08,60.3778,92.6267,4.32,97,100,3.09
422,Millinocket,US,2021-11-17 22:17:08,45.6573,-68.7098,35.91,55,90,0.0
423,Inongo,CD,2021-11-17 22:17:09,-1.95,18.2667,70.83,90,90,3.36
424,Pierre,US,2021-11-17 22:12:46,44.3683,-100.351,43.05,40,1,5.01
425,Raudeberg,NO,2021-11-17 22:17:09,61.9875,5.1352,43.47,57,45,15.08
426,Kadoma,JP,2021-11-17 22:17:10,34.7333,135.5833,55.35,74,75,1.14
427,Tornio,FI,2021-11-17 22:17:10,65.8481,24.1466,37.42,95,100,20.56
428,Prieska,ZA,2021-11-17 22:17:10,-29.6641,22.7474,60.55,44,0,16.2
429,Hokitika,NZ,2021-11-17 22:17:11,-42.7167,170.9667,55.63,71,77,1.9
430,Corowa,AU,2021-11-17 22:17:11,-36.0333,146.3833,67.41,62,51,10.47
431,Fortuna,US,2021-11-17 22:17:11,40.5982,-124.1573,65.93,62,1,4.0
432,Athabasca,CA,2021-11-17 22:17:12,54.7169,-113.2854,21.61,87,13,5.39
433,Buchanan,LR,2021-11-17 22:17:12,5.8808,-10.0467,78.76,81,87,5.66
434,Ossora,RU,2021-11-17 22:17:12,59.2353,163.0719,25.23,90,98,8.97
435,Kruisfontein,ZA,2021-11-17 22:17:13,-34.0033,24.7314,57.88,88,60,21.21
436,Biga,TR,2021-11-17 22:17:13,40.2281,27.2422,53.58,78,92,5.35
437,Torbay,CA,2021-11-17 22:17:13,47.6666,-52.7314,37.27,87,95,1.99
438,Vaitape,PF,2021-11-17 22:17:14,-16.5167,-151.75,80.8,79,100,19.91
439,Eureka,US,2021-11-17 22:13:06,40.8021,-124.1637,66.2,63,100,5.99
440,Cartagena,CO,2021-11-17 22:17:14,10.3997,-75.5144,83.82,74,40,9.22
441,Krasnoselkup,RU,2021-11-17 22:17:14,65.7,82.4667,10.72,94,100,12.95
442,Duyun,CN,2021-11-17 22:17:15,26.2667,107.5167,45.95,93,53,2.21
443,Sarh,TD,2021-11-17 22:17:15,9.1429,18.3923,82.33,26,4,4.05
444,Syamzha,RU,2021-11-17 22:17:15,60.0158,41.0614,32.7,98,100,5.77
445,Agadez,NE,2021-11-17 22:13:18,19.75,10.25,75.34,16,1,6.78
446,Andros,GR,2021-11-17 22:17:16,37.8333,24.9333,57.76,61,22,8.99
447,Lokomotivnyy,RU,2021-11-17 22:17:16,53.0118,60.5684,9.16,95,83,4.36
448,Auki,SB,2021-11-17 22:17:16,-8.7676,160.7034,83.89,70,29,1.92
449,Wenling,CN,2021-11-17 22:17:16,28.3669,121.36,57.9,93,100,9.26
450,Kambove,CD,2021-11-17 22:17:17,-10.8764,26.5969,61.65,97,52,2.71
451,Nanortalik,GL,2021-11-17 22:17:17,60.1432,-45.2371,28.33,83,99,4.72
452,Ahuimanu,US,2021-11-17 22:17:17,21.4447,-157.8378,85.78,71,20,5.75
453,North Platte,US,2021-11-17 22:17:18,41.1239,-100.7654,44.49,23,1,10.0
454,Ulladulla,AU,2021-11-17 22:17:18,-35.35,150.4667,67.08,59,6,6.93
455,Kokopo,PG,2021-11-17 22:12:35,-4.352,152.2633,81.48,74,94,4.27
456,Luganville,VU,2021-11-17 22:17:18,-15.5333,167.1667,82.36,74,61,8.43
457,Dryden,CA,2021-11-17 22:18:19,49.7833,-92.7503,28.69,86,90,19.57
458,Nuuk,GL,2021-11-17 22:15:15,64.1835,-51.7216,16.41,67,20,11.5
459,Saint-Joseph,RE,2021-11-17 22:18:19,-21.3667,55.6167,71.98,76,45,11.27
460,Cranbrook,CA,2021-11-17 22:18:20,49.4999,-115.7688,31.06,46,75,3.44
461,Liverpool,GB,2021-11-17 22:15:12,53.4106,-2.9779,52.29,82,95,1.01
462,Winnemucca,US,2021-11-17 22:18:20,40.973,-117.7357,46.45,25,1,6.91
463,Caravelas,BR,2021-11-17 22:18:20,-17.7125,-39.2481,73.6,88,38,5.93
464,Umea,SE,2021-11-17 22:18:20,63.8284,20.2597,39.9,100,75,3.44
465,Erzin,TR,2021-11-17 22:18:21,36.9559,36.2,47.12,34,1,5.46
466,Kinablangan,PH,2021-11-17 22:18:21,7.6947,126.5503,77.31,85,84,3.56
467,Huarmey,PE,2021-11-17 22:18:21,-10.0681,-78.1522,67.68,76,97,9.93
468,Olga,RU,2021-11-17 22:18:22,43.7444,135.2892,36.61,85,48,3.69
469,Korla,CN,2021-11-17 22:18:22,41.7597,86.1469,35.42,37,100,8.21
470,Grand-Lahou,CI,2021-11-17 22:18:22,5.1367,-5.0242,79.3,83,8,9.44
471,Bolivar,US,2021-11-17 22:18:23,37.6145,-93.4105,50.77,56,100,5.01
472,Koraput,IN,2021-11-17 22:18:23,18.8167,82.7167,63.99,96,69,4.5
473,Mersing,MY,2021-11-17 22:17:13,2.4312,103.8405,73.31,100,93,5.75
474,Yar-Sale,RU,2021-11-17 22:18:23,66.8333,70.8333,-1.82,95,98,15.82
475,Negombo,LK,2021-11-17 22:18:24,7.2083,79.8358,77.67,86,100,4.0
476,Alamosa,US,2021-11-17 22:18:24,37.4695,-105.87,53.58,20,1,8.05
477,Banyo,CM,2021-11-17 22:18:24,6.75,11.8167,70.25,72,59,3.6
478,Narasannapeta,IN,2021-11-17 22:18:25,18.4167,84.05,73.54,80,44,10.18
479,Imbituba,BR,2021-11-17 22:18:25,-28.24,-48.6703,73.81,97,100,10.25
480,Tuy Hoa,VN,2021-11-17 22:18:25,13.0833,109.3,76.01,94,100,6.76
481,Puerto Ayacucho,VE,2021-11-17 22:18:25,5.6639,-67.6236,83.48,59,100,4.34
482,Wawa,NG,2021-11-17 22:18:26,9.9022,4.4192,82.63,39,99,1.72
483,Necochea,AR,2021-11-17 22:18:26,-38.5473,-58.7368,61.48,47,30,8.41
484,Kieta,PG,2021-11-17 22:18:26,-6.2167,155.6333,82.56,74,65,1.32
485,Skibbereen,IE,2021-11-17 22:18:27,51.55,-9.2667,49.8,92,79,12.01
486,Zemio,CF,2021-11-17 22:18:27,5.0314,25.1361,73.02,71,66,3.89
487,Road Town,VG,2021-11-17 22:18:27,18.4167,-64.6167,81.0,89,40,20.71
488,Orocue,CO,2021-11-17 22:18:27,4.7912,-71.3354,84.79,51,94,6.11
489,Astana,KZ,2021-11-17 22:18:28,51.1801,71.446,19.35,86,90,17.9
490,Nalut,LY,2021-11-17 22:18:28,30.3333,10.85,60.1,41,22,10.0
491,Klaksvik,FO,2021-11-17 22:18:28,62.2266,-6.589,40.12,72,100,9.13
492,Ibia,BR,2021-11-17 22:18:29,-19.4783,-46.5389,72.86,73,100,3.6
493,Henties Bay,NA,2021-11-17 22:18:29,-22.116,14.2845,60.85,90,0,8.75
494,Port Hardy,CA,2021-11-17 22:16:26,50.6996,-127.4199,42.98,75,90,14.97
495,Tshikapa,CD,2021-11-17 22:18:29,-6.4167,20.8,67.28,97,30,0.63
496,Somerset East,ZA,2021-11-17 22:18:30,-32.7217,25.588,57.76,66,99,12.95
497,Florianopolis,BR,2021-11-17 22:17:48,-27.6146,-48.5012,72.25,76,75,3.0
498,Valky,UA,2021-11-17 22:18:30,49.8387,35.6207,19.26,62,94,4.5
499,Riyadh,SA,2021-11-17 22:15:26,24.6877,46.7219,62.74,47,1,6.51
500,Pochutla,MX,2021-11-17 22:18:30,15.7432,-96.4661,85.82,57,8,6.11
501,Derzhavinsk,KZ,2021-11-17 22:18:31,51.1,66.3167,16.72,95,95,11.88
502,Elat,IL,2021-11-17 22:14:37,29.5581,34.9482,70.32,59,0,6.73
503,Margate,GB,2021-11-17 22:18:31,51.3813,1.3862,46.96,85,82,11.99
504,Rosario,AR,2021-11-17 22:14:25,-32.9468,-60.6393,71.6,34,0,3.0
505,Villazon,BO,2021-11-17 22:19:31,-22.0866,-65.5942,61.99,40,29,16.15
506,Kununurra,AU,2021-11-17 22:14:42,-15.7667,128.7333,84.16,13,3,4.92
507,Cayenne,GF,2021-11-17 22:19:32,4.9333,-52.3333,82.09,82,90,4.0
508,Augusto Correa,BR,2021-11-17 22:19:32,-1.0217,-46.635,80.78,76,15,7.65
509,Partenit,UA,2021-11-17 22:19:32,44.578,34.3446,47.21,84,97,7.43
510,Bahar,IR,2021-11-17 22:19:33,34.9072,48.4414,34.45,67,0,3.04
511,Port-Gentil,GA,2021-11-17 22:19:33,-0.7193,8.7815,79.68,82,99,8.34
512,Natal,BR,2021-11-17 22:18:03,-5.795,-35.2094,79.02,83,20,9.22
513,Shelburne,CA,2021-11-17 22:15:51,44.0787,-80.2041,56.12,99,100,17.22
514,Cockburn Town,TC,2021-11-17 22:19:33,21.4612,-71.1419,82.06,69,39,20.0
515,Bahia Blanca,AR,2021-11-17 22:16:58,-38.7196,-62.2724,73.6,21,64,9.15
516,Bathsheba,BB,2021-11-17 22:19:34,13.2167,-59.5167,81.21,74,40,14.97
517,Atherton,GB,2021-11-17 22:19:34,53.5237,-2.4935,51.89,80,84,5.99
518,Olafsvik,IS,2021-11-17 22:19:34,64.8945,-23.7142,36.0,58,100,13.22
519,Mackenzie,CA,2021-11-17 22:16:25,55.2999,-123.1698,26.82,93,90,12.66
520,Rocha,UY,2021-11-17 22:19:35,-34.4833,-54.3333,54.84,68,0,6.78
521,High Level,CA,2021-11-17 22:19:35,58.5169,-117.136,17.71,93,75,6.91
522,Bairnsdale,AU,2021-11-17 22:19:35,-37.8333,147.6167,69.06,61,75,1.01
523,Lasa,IT,2021-11-17 22:19:35,46.6166,10.7002,45.86,91,93,3.6
524,Uarini,BR,2021-11-17 22:19:36,-2.99,-65.1083,84.15,96,100,3.02
525,Tampico,MX,2021-11-17 22:19:36,22.2167,-97.85,80.78,65,75,6.91
526,Uruguaiana,BR,2021-11-17 22:18:30,-29.7547,-57.0883,71.53,46,0,8.05
527,Bilibino,RU,2021-11-17 22:19:36,68.0546,166.4372,-4.97,99,37,4.56
528,Luena,AO,2021-11-17 22:19:37,-11.7833,19.9167,60.64,97,89,4.27
529,Kodinsk,RU,2021-11-17 22:19:37,58.6881,99.1844,-4.29,98,46,3.24
530,Kiunga,PG,2021-11-17 22:19:37,-6.1219,141.2906,76.59,94,74,0.89
531,Kamina,CD,2021-11-17 22:19:38,-8.7386,24.9906,62.82,98,56,5.01
532,Waddan,LY,2021-11-17 22:19:38,29.1614,16.139,68.95,34,85,9.48
533,Codrington,AU,2021-11-17 22:19:38,-38.2667,141.9667,63.93,48,100,20.0
534,Matara,LK,2021-11-17 22:19:38,5.9485,80.5353,76.75,91,98,9.75
535,Lincoln,US,2021-11-17 22:16:00,40.8,-96.667,49.28,30,1,5.01
536,Soars,RO,2021-11-17 22:19:39,45.9333,24.9167,39.85,76,96,1.88
537,Manicore,BR,2021-11-17 22:19:39,-5.8092,-61.3003,74.14,98,100,2.35
